variant,frontier,n,prefill_tps,gen_tps,gen_first_ms,gen_steady_tps,wall_s,min_usable_gib
a,250000,3,758.0,12.54,94.288,12.56,399.03186852,1.8907470703125
a,254096,3,592.94,12.48,81.026,12.48,399.03186852,1.8907470703125
a,258192,3,592.62,12.42,80.707,12.42,399.03186852,1.8907470703125
b,250000,3,759.51,12.31,97.426,12.33,398.51390388299933,1.9010505676269531
b,254096,3,594.33,12.27,84.438,12.27,398.51390388299933,1.9010505676269531
b,258192,3,592.77,12.23,83.457,12.23,398.51390388299933,1.9010505676269531
c,250000,3,757.72,12.78,94.005,12.8,398.5580154950003,1.9004020690917969
c,254096,3,592.75,12.72,80.321,12.72,398.5580154950003,1.9004020690917969
c,258192,3,592.64,12.67,80.397,12.68,398.5580154950003,1.9004020690917969
